{"cameraMode":{"drawMode":0,"name":"Shaded","section":"Shading Mode"},"sceneLighting":true,"audioPlay":false,"sceneViewState":{"m_AlwaysRefresh":false,"showFog":true,"showSkybox":true,"showFlares":true,"showImageEffects":true,"showParticleSystems":true,"showVisualEffectGraphs":true,"m_FxEnabled":true},"in2DMode":false,"pivot":{"x":0.11058645695447922,"y":1.0275546312332154,"z":-0.020321369171142579},"rotation":{"x":-0.13458754122257234,"y":-0.008332934230566025,"z":0.0011204599868506194,"w":-0.9908788204193115},"size":2.8032164573669435,"orthographic":true}