{"cameraMode":{"drawMode":0,"name":"Shaded","section":"Shading Mode"},"sceneLighting":true,"audioPlay":false,"sceneViewState":{"m_AlwaysRefresh":false,"showFog":true,"showSkybox":true,"showFlares":true,"showImageEffects":true,"showParticleSystems":true,"showVisualEffectGraphs":true,"m_FxEnabled":true},"in2DMode":false,"pivot":{"x":-6.378591537475586,"y":-3.296109676361084,"z":19.995840072631837},"rotation":{"x":-0.09520109742879868,"y":0.17730148136615754,"z":-0.01723451167345047,"w":-0.9794039130210877},"size":14.168355941772461,"orthographic":false}