{"cameraMode":{"drawMode":0,"name":"Shaded","section":"Shading Mode"},"sceneLighting":true,"audioPlay":false,"sceneViewState":{"m_AlwaysRefresh":false,"showFog":true,"showSkybox":true,"showFlares":true,"showImageEffects":true,"showParticleSystems":true,"showVisualEffectGraphs":true,"m_FxEnabled":true},"in2DMode":false,"pivot":{"x":-2.3614416122436525,"y":-0.3638792037963867,"z":2.969808578491211},"rotation":{"x":-0.2633473575115204,"y":-0.07457948476076126,"z":0.020424602553248407,"w":-0.9615988731384277},"size":9.965348243713379,"orthographic":false}