{"cameraMode":{"drawMode":0,"name":"Shaded","section":"Shading Mode"},"sceneLighting":true,"audioPlay":false,"sceneViewState":{"m_AlwaysRefresh":false,"showFog":true,"showSkybox":true,"showFlares":true,"showImageEffects":true,"showParticleSystems":true,"showVisualEffectGraphs":true,"m_FxEnabled":true},"in2DMode":false,"pivot":{"x":-0.17524826526641847,"y":0.6847577095031738,"z":-3.2578086853027345},"rotation":{"x":0.0027769971638917925,"y":0.9972076416015625,"z":-0.055711787194013599,"w":0.049702659249305728},"size":3.0454607009887697,"orthographic":false}