{"cameraMode":{"drawMode":0,"name":"Shaded","section":"Shading Mode"},"sceneLighting":true,"audioPlay":false,"sceneViewState":{"m_AlwaysRefresh":false,"showFog":true,"showSkybox":true,"showFlares":true,"showImageEffects":true,"showParticleSystems":true,"showVisualEffectGraphs":true,"m_FxEnabled":true},"in2DMode":false,"pivot":{"x":-1.116487741470337,"y":0.25609147548675539,"z":-0.07344198226928711},"rotation":{"x":-0.012704535387456417,"y":0.9771217703819275,"z":-0.061050716787576678,"w":-0.20337291061878205},"size":2.471403121948242,"orthographic":false}