{"cameraMode":{"drawMode":0,"name":"Shaded","section":"Shading Mode"},"sceneLighting":true,"audioPlay":false,"sceneViewState":{"m_AlwaysRefresh":false,"showFog":true,"showSkybox":true,"showFlares":true,"showImageEffects":true,"showParticleSystems":true,"showVisualEffectGraphs":true,"m_FxEnabled":true},"in2DMode":false,"pivot":{"x":1.8977787494659424,"y":-0.2852672338485718,"z":-3.251237392425537},"rotation":{"x":0.023247767239809037,"y":0.9501981139183044,"z":-0.0731283649802208,"w":0.3020716905593872},"size":3.0454607009887697,"orthographic":false}